orth,freq,log_freq
a,23237,10.05358718
able,216,5.384495063
ace,15,2.833213344
ache,4,1.791759469
act,283,5.65248918
ad,11,2.564949357
add,88,4.49980967
ads,10,2.48490665
aft,5,1.945910149
age,227,5.433722004
ah,22,3.17805383
ai,1,1.098612289
aid,130,4.882801923
aide,9,2.397895273
aim,37,3.663561646
ain't,46,3.871201011
air,257,5.556828062
aisle,6,2.079441542
al,24,3.258096538
ale,1,1.098612289
all,3001,8.007367068
am,228,5.438079309
ample,16,2.890371758
an,3747,8.229244417
and,28852,10.27000391
ant,6,2.079441542
ante,3,1.609437912
ape,3,1.609437912
apple,9,2.397895273
apt,15,2.833213344
arc,41,3.761200116
arch,13,2.708050201
are,4393,8.38822281
arm,94,4.564348191
art,208,5.347107531
as,7250,8.889032572
ash,11,2.564949357
ask,128,4.86753445
ass,5,1.945910149
at,5378,8.590443653
ate,16,2.890371758
auf,2,1.386294361
aunt,22,3.17805383
ave,13,2.708050201
aw,3,1.609437912
awe,5,1.945910149
ax,6,2.079441542
axe,6,2.079441542
aye,1,1.098612289
babe,8,2.302585093
back,967,6.876264612
backs,15,2.833213344
bad,142,4.9698133
bade,1,1.098612289
badge,5,1.945910149
baffle,1,1.098612289
bag,42,3.784189634
bah,1,1.098612289
bail,7,2.197224577
bait,2,1.386294361
bake,12,2.63905733
bal,1,1.098612289
bald,5,1.945910149
bale,5,1.945910149
ball,110,4.718498871
ban,7,2.197224577
band,53,4.007333185
bang,7,2.197224577
bank,83,4.442651256
bar,82,4.430816799
bard,3,1.609437912
bare,29,3.433987204
barge,7,2.197224577
bark,14,2.772588722
barn,29,3.433987204
barr,1,1.098612289
barth,5,1.945910149
base,91,4.532599493
bass,16,2.890371758
bast,1,1.098612289
bat,18,2.995732274
batch,5,1.945910149
bath,26,3.33220451
bathe,4,1.791759469
bats,6,2.079441542
battle,87,4.48863637
bay,57,4.077537444
bayed,3,1.609437912
bayou,2,1.386294361
be,6377,8.760766624
beach,61,4.143134726
bead,1,1.098612289
beam,21,3.135494216
bean,5,1.945910149
bear,57,4.077537444
beard,26,3.33220451
beast,7,2.197224577
beat,68,4.248495242
beau,2,1.386294361
beck,1,1.098612289
bed,127,4.859812404
bede,3,1.609437912
bee,11,2.564949357
beech,6,2.079441542
beef,32,3.526360525
been,2472,7.813591553
beer,34,3.583518938
beg,11,2.564949357
beige,1,1.098612289
bein,3,1.609437912
being,712,6.570882962
bel,4,1.791759469
belch,2,1.386294361
bell,18,2.995732274
belle,1,1.098612289
belt,29,3.433987204
ben,21,3.135494216
bench,35,3.610917913
bend,24,3.258096538
bent,34,3.583518938
berne,1,1.098612289
berth,4,1.791759469
best,351,5.866468057
bet,20,3.091042453
beth,5,1.945910149
bey,6,2.079441542
beyond,175,5.176149733
bias,8,2.302585093
bib,2,1.386294361
bibb,1,1.098612289
bible,59,4.110873864
bid,22,3.17805383
bide,1,1.098612289
big,360,5.891644212
bile,3,1.609437912
bilge,2,1.386294361
bill,143,4.976733742
bin,9,2.397895273
bind,4,1.791759469
bing,2,1.386294361
binge,1,1.098612289
birch,2,1.386294361
bird,31,3.496507561
birth,66,4.219507705
bisque,6,2.079441542
bit,101,4.634728988
bitch,6,2.079441542
bite,10,2.48490665
biz,2,1.386294361
black,203,5.323009979
blade,13,2.708050201
blake,6,2.079441542
blame,34,3.583518938
bland,3,1.609437912
blank,14,2.772588722
blast,15,2.833213344
blaze,7,2.197224577
bleak,10,2.48490665
bleat,1,1.098612289
bled,3,1.609437912
bleed,2,1.386294361
blend,9,2.397895273
bless,9,2.397895273
blest,3,1.609437912
blew,12,2.63905733
blight,2,1.386294361
blimp,1,1.098612289
blind,47,3.891820298
blink,4,1.791759469
bliss,4,1.791759469
blithe,2,1.386294361
blitz,3,1.609437912
bloat,8,2.302585093
blob,2,1.386294361
bloc,10,2.48490665
block,66,4.219507705
bloke,1,1.098612289
blond,11,2.564949357
blonde,20,3.091042453
blood,121,4.812184355
bloom,12,2.63905733
blot,6,2.079441542
blouse,1,1.098612289
blow,33,3.555348061
blown,9,2.397895273
blue,143,4.976733742
bluff,8,2.302585093
blunt,9,2.397895273
blur,3,1.609437912
blush,2,1.386294361
bo,1,1.098612289
boar,1,1.098612289
board,239,5.484796933
boast,8,2.302585093
boat,72,4.304065093
bob,40,3.737669618
bock,1,1.098612289
bog,1,1.098612289
boil,12,2.63905733
bold,21,3.135494216
bolt,10,2.48490665
bomb,36,3.63758616
bon,2,1.386294361
bond,46,3.871201011
bone,33,3.555348061
bonne,1,1.098612289
boo,1,1.098612289
book,193,5.272999559
boom,8,2.302585093
boon,3,1.609437912
boost,15,2.833213344
boot,13,2.708050201
booth,7,2.197224577
boots,20,3.091042453
booze,4,1.791759469
bore,24,3.258096538
born,113,4.744932128
borne,8,2.302585093
bosch,2,1.386294361
boss,20,3.091042453
both,730,6.595780514
bottle,76,4.356708827
bouffe,1,1.098612289
bough,2,1.386294361
bought,56,4.060443011
boun,5,1.945910149
bounce,8,2.302585093
bound,42,3.784189634
bourn,1,1.098612289
bout,7,2.197224577
bow,15,2.833213344
bowl,23,3.218875825
box,70,4.276666119
boy,242,5.497168225
boyer,2,1.386294361
brace,14,2.772588722
brad,1,1.098612289
brae,1,1.098612289
brag,2,1.386294361
braille,1,1.098612289
brain,45,3.850147602
brake,2,1.386294361
bran,1,1.098612289
branch,33,3.555348061
brand,17,2.944438979
brash,1,1.098612289
brass,19,3.044522438
brave,24,3.258096538
brawl,1,1.098612289
breach,6,2.079441542
bread,41,3.761200116
breadth,7,2.197224577
break,88,4.49980967
breast,11,2.564949357
breath,53,4.007333185
breathe,7,2.197224577
bred,1,1.098612289
breed,17,2.944438979
breeze,14,2.772588722
brest,1,1.098612289
brett,4,1.791759469
breve,1,1.098612289
brew,4,1.791759469
bribe,1,1.098612289
brick,18,2.995732274
bride,33,3.555348061
bridge,98,4.605170186
brief,73,4.317488114
brig,2,1.386294361
bright,87,4.48863637
brim,4,1.791759469
bring,158,5.075173815
brink,3,1.609437912
brisk,7,2.197224577
broach,1,1.098612289
broad,84,4.454347296
brod,1,1.098612289
broil,2,1.386294361
broke,72,4.304065093
bronze,11,2.564949357
brood,9,2.397895273
brook,3,1.609437912
broom,2,1.386294361
broth,3,1.609437912
brought,253,5.541263545
brow,6,2.079441542
brown,176,5.18178355
bruise,3,1.609437912
brunt,1,1.098612289
brush,44,3.828641396
brute,6,2.079441542
buck,20,3.091042453
bud,9,2.397895273
budge,3,1.609437912
buff,5,1.945910149
bug,4,1.791759469
bugle,2,1.386294361
build,86,4.477336814
built,103,4.65396035
bulb,7,2.197224577
bulge,5,1.945910149
bulk,16,2.890371758
bull,14,2.772588722
bum,7,2.197224577
bump,5,1.945910149
bun,1,1.098612289
bunch,17,2.944438979
bunk,18,2.995732274
bunt,3,1.609437912
burke,7,2.197224577
burl,2,1.386294361
burn,15,2.833213344
burnt,6,2.079441542
burr,7,2.197224577
burst,33,3.555348061
bus,34,3.583518938
bush,14,2.772588722
buss,1,1.098612289
bust,7,2.197224577
but,4381,8.3854887
butt,12,2.63905733
butte,1,1.098612289
buy,70,4.276666119
buzz,13,2.708050201
by,5305,8.576781983
bye,2,1.386294361
cab,12,2.63905733
cache,1,1.098612289
cadre,3,1.609437912
cage,9,2.397895273
cain,2,1.386294361
cake,13,2.708050201
cal,2,1.386294361
calf,11,2.564949357
call,188,5.247024072
calm,35,3.610917913
cam,1,1.098612289
came,622,6.436150368
camp,75,4.343805422
can,1772,7.480992163
can't,169,5.141663557
cane,12,2.63905733
cant,1,1.098612289
cap,27,3.36729583
cape,20,3.091042453
caps,6,2.079441542
car,274,5.620400866
card,26,3.33220451
care,162,5.099866428
carl,41,3.761200116
carr,2,1.386294361
cart,5,1.945910149
carte,1,1.098612289
carve,3,1.609437912
case,362,5.897153868
cash,36,3.63758616
cask,1,1.098612289
cast,45,3.850147602
caste,3,1.609437912
castle,7,2.197224577
cat,23,3.218875825
catch,43,3.80666249
cattle,97,4.59511985
caught,98,4.605170186
cause,130,4.882801923
cave,9,2.397895273
cease,15,2.833213344
ceil,1,1.098612289
cell,65,4.204692619
cent,158,5.075173815
centre,2,1.386294361
chafe,1,1.098612289
chain,50,3.951243719
chair,66,4.219507705
chaise,1,1.098612289
chalk,3,1.609437912
champ,1,1.098612289
chance,131,4.890349128
change,240,5.488937726
chant,2,1.386294361
chap,5,1.945910149
char,1,1.098612289
charge,122,4.820281566
charm,26,3.33220451
chart,22,3.17805383
chase,18,2.995732274
chat,5,1.945910149
chaw,1,1.098612289
cheap,24,3.258096538
cheat,3,1.609437912
check,88,4.49980967
cheek,20,3.091042453
cheer,8,2.302585093
cheese,9,2.397895273
chef,9,2.397895273
chess,3,1.609437912
chest,53,4.007333185
chew,2,1.386294361
chic,7,2.197224577
chick,3,1.609437912
chide,2,1.386294361
chief,119,4.795790546
child,213,5.370638028
childe,1,1.098612289
chile,1,1.098612289
chill,14,2.772588722
chin,27,3.36729583
chip,17,2.944438979
chive,1,1.098612289
choice,113,4.744932128
choir,8,2.302585093
choke,9,2.397895273
chomp,1,1.098612289
choose,50,3.951243719
chop,3,1.609437912
chord,7,2.197224577
chore,7,2.197224577
chose,37,3.663561646
chow,2,1.386294361
christ,97,4.59511985
chrome,4,1.791759469
chuck,14,2.772588722
chuckle,5,1.945910149
chum,1,1.098612289
chump,1,1.098612289
chunk,2,1.386294361
church,348,5.857933154
chute,2,1.386294361
cinch,3,1.609437912
cite,7,2.197224577
clad,7,2.197224577
claim,98,4.605170186
clam,3,1.609437912
clan,2,1.386294361
clang,1,1.098612289
clap,1,1.098612289
claps,2,1.386294361
clare,1,1.098612289
clash,5,1.945910149
class,207,5.342334252
clause,9,2.397895273
claw,1,1.098612289
clay,100,4.624972813
clean,70,4.276666119
clear,219,5.398162702
cleat,1,1.098612289
cleft,2,1.386294361
clench,1,1.098612289
clerk,34,3.583518938
click,2,1.386294361
client,15,2.833213344
cliff,11,2.564949357
climb,12,2.63905733
clinch,2,1.386294361
cling,6,2.079441542
clint,4,1.791759469
clip,6,2.079441542
clips,2,1.386294361
clique,2,1.386294361
cloak,3,1.609437912
clock,20,3.091042453
clod,1,1.098612289
clog,2,1.386294361
close,234,5.463831805
clot,3,1.609437912
cloth,43,3.80666249
clothe,1,1.098612289
cloud,28,3.401197382
clout,1,1.098612289
clove,1,1.098612289
clown,3,1.609437912
club,145,4.990432587
cluck,3,1.609437912
clue,15,2.833213344
clump,4,1.791759469
clumps,4,1.791759469
clung,14,2.772588722
clutch,5,1.945910149
co,48,3.912023005
coach,24,3.258096538
coal,32,3.526360525
coarse,10,2.48490665
coast,61,4.143134726
coat,43,3.80666249
coax,1,1.098612289
coble,1,1.098612289
cock,5,1.945910149
cod,6,2.079441542
code,40,3.737669618
coe,5,1.945910149
coil,6,2.079441542
coin,10,2.48490665
coke,4,1.791759469
col,7,2.197224577
cold,171,5.153291594
cole,1,1.098612289
colt,18,2.995732274
comb,6,2.079441542
combe,1,1.098612289
come,630,6.448889394
con,7,2.197224577
cone,13,2.708050201
cook,47,3.891820298
cool,62,4.158883083
coop,3,1.609437912
cop,15,2.833213344
cope,21,3.135494216
cops,17,2.944438979
cord,6,2.079441542
core,37,3.663561646
cork,9,2.397895273
corn,34,3.583518938
corp,13,2.708050201
corps,109,4.709530201
corpse,7,2.197224577
cost,229,5.442417711
couch,12,2.63905733
cough,7,2.197224577
could,1599,7.378383713
count,49,3.931825633
coup,4,1.791759469
coupe,2,1.386294361
course,465,6.146329258
court,230,5.446737372
couve,1,1.098612289
cove,2,1.386294361
cow,29,3.433987204
cox,5,1.945910149
coy,4,1.791759469
coyote,1,1.098612289
crack,21,3.135494216
crackle,2,1.386294361
craft,23,3.218875825
craig,2,1.386294361
cramp,2,1.386294361
crane,5,1.945910149
crank,1,1.098612289
crap,3,1.609437912
crash,20,3.091042453
crass,2,1.386294361
crate,2,1.386294361
crave,2,1.386294361
crawl,11,2.564949357
craze,2,1.386294361
creak,1,1.098612289
cream,20,3.091042453
crease,1,1.098612289
create,54,4.025351691
creche,1,1.098612289
creed,8,2.302585093
creek,14,2.772588722
creep,10,2.48490665
crepe,1,1.098612289
crept,11,2.564949357
crest,12,2.63905733
crew,36,3.63758616
crib,5,1.945910149
cried,30,3.465735903
crime,34,3.583518938
cripple,1,1.098612289
crisp,8,2.302585093
croak,1,1.098612289
crone,2,1.386294361
crook,3,1.609437912
crop,20,3.091042453
cross,55,4.043051268
crouch,7,2.197224577
crow,2,1.386294361
crowd,53,4.007333185
crown,19,3.044522438
crude,15,2.833213344
cruel,15,2.833213344
cruise,2,1.386294361
crumb,3,1.609437912
crumble,2,1.386294361
crump,1,1.098612289
crunch,2,1.386294361
crus,4,1.791759469
crush,4,1.791759469
crust,1,1.098612289
crutch,1,1.098612289
crux,2,1.386294361
cry,48,3.912023005
crying,15,2.833213344
crypt,1,1.098612289
cube,1,1.098612289
cud,1,1.098612289
cuff,1,1.098612289
cult,11,2.564949357
cup,45,3.850147602
cur,1,1.098612289
curb,13,2.708050201
curd,2,1.386294361
cure,28,3.401197382
curl,2,1.386294361
curse,11,2.564949357
curt,32,3.526360525
curve,45,3.850147602
cusp,2,1.386294361
cut,192,5.267858159
cute,5,1.945910149
cycle,24,3.258096538
czar,1,1.098612289
d,90,4.521788577
dad,15,2.833213344
dade,2,1.386294361
dag,7,2.197224577
dak,1,1.098612289
dale,5,1.945910149
dam,5,1.945910149
dame,7,2.197224577
damn,34,3.583518938
damp,16,2.890371758
dan,27,3.36729583
dance,90,4.521788577
dane,2,1.386294361
dang,1,1.098612289
dangle,1,1.098612289
dank,1,1.098612289
dante,2,1.386294361
daphne,1,1.098612289
dare,21,3.135494216
dark,185,5.231108617
darn,3,1.609437912
das,2,1.386294361
dash,11,2.564949357
date,103,4.65396035
daunt,1,1.098612289
dawn,28,3.401197382
day,686,6.533788838
dazzle,1,1.098612289
de,122,4.820281566
dead,174,5.170483995
deaf,12,2.63905733
deal,142,4.9698133
dealt,22,3.17805383
dean,40,3.737669618
dear,54,4.025351691
dearth,3,1.609437912
death,277,5.631211782
debt,13,2.708050201
#VALUE!,43816,10.68779997
deck,23,3.218875825
deed,8,2.302585093
deem,1,1.098612289
deep,109,4.709530201
deer,13,2.708050201
deft,2,1.386294361
del,12,2.63905733
dell,5,1.945910149
den,2,1.386294361
dense,9,2.397895273
dent,2,1.386294361
depth,53,4.007333185
dere,1,1.098612289
desk,65,4.204692619
dew,3,1.609437912
dey,2,1.386294361
dial,1,1.098612289
dice,14,2.772588722
dick,18,2.995732274
did,1044,6.952728645
die,73,4.317488114
dies,12,2.63905733
dig,10,2.48490665
digs,1,1.098612289
dill,12,2.63905733
dim,19,3.044522438
dime,4,1.791759469
din,1,1.098612289
dine,2,1.386294361
dip,6,2.079441542
dire,1,1.098612289
dirge,2,1.386294361
dirt,43,3.80666249
disc,6,2.079441542
dish,16,2.890371758
disk,25,3.295836866
ditch,10,2.48490665
dive,23,3.218875825
do,1363,7.218909708
dock,8,2.302585093
dodge,11,2.564949357
doe,1,1.098612289
does,485,6.188264123
dog,75,4.343805422
doing,163,5.105945474
dole,1,1.098612289
doll,10,2.48490665
dome,17,2.944438979
don,23,3.218875825
don't,489,6.196444128
done,320,5.774551546
doo,2,1.386294361
doom,3,1.609437912
door,312,5.749392986
dope,2,1.386294361
dorr,3,1.609437912
dose,11,2.564949357
dost,1,1.098612289
dot,13,2.708050201
double,56,4.060443011
doubt,114,4.753590191
douce,1,1.098612289
dough,13,2.708050201
dour,2,1.386294361
dove,4,1.791759469
dow,4,1.791759469
down,895,6.799055862
drab,5,1.945910149
draft,24,3.258096538
drag,15,2.833213344
drain,18,2.995732274
drake,2,1.386294361
dram,1,1.098612289
drank,19,3.044522438
draught,1,1.098612289
draw,56,4.060443011
drawl,2,1.386294361
drawn,70,4.276666119
dread,9,2.397895273
dream,64,4.189654742
dress,67,4.234106505
drew,68,4.248495242
dried,28,3.401197382
drier,3,1.609437912
drift,18,2.995732274
drill,33,3.555348061
drink,82,4.430816799
drip,1,1.098612289
drive,105,4.672828834
drone,3,1.609437912
droop,1,1.098612289
drop,59,4.110873864
dross,4,1.791759469
drought,5,1.945910149
drouth,1,1.098612289
drove,62,4.158883083
drown,3,1.609437912
drug,24,3.258096538
druid,1,1.098612289
drum,11,2.564949357
drunk,37,3.663561646
dry,68,4.248495242
dryer,4,1.791759469
drying,29,3.433987204
dual,9,2.397895273
duck,9,2.397895273
duct,1,1.098612289
dud,1,1.098612289
due,142,4.9698133
duet,1,1.098612289
dug,15,2.833213344
duke,11,2.564949357
dull,27,3.36729583
dumb,13,2.708050201
dump,4,1.791759469
dumps,1,1.098612289
dun,1,1.098612289
dune,1,1.098612289
dung,2,1.386294361
dusk,9,2.397895273
dust,70,4.276666119
dutch,15,2.833213344
dwarf,3,1.609437912
dwell,8,2.302585093
dwindle,2,1.386294361
dyeing,1,1.098612289
dying,34,3.583518938
dyke,1,1.098612289
e,101,4.634728988
each,877,6.778784898
ear,29,3.433987204
earl,12,2.63905733
earn,16,2.890371758
earth,150,5.023880521
ease,42,3.784189634
east,183,5.220355825
eat,61,4.143134726
eave,1,1.098612289
ebb,1,1.098612289
edge,78,4.382026635
eel,2,1.386294361
egg,12,2.63905733
eh,8,2.302585093
eight,104,4.663439094
eighth,23,3.218875825
elk,1,1.098612289
ell,1,1.098612289
elm,3,1.609437912
else,176,5.18178355
em,44,3.828641396
en,7,2.197224577
end,410,6.021023349
ere,1,1.098612289
err,1,1.098612289
est,3,1.609437912
eve,19,3.044522438
ewe,1,1.098612289
ex,2,1.386294361
eye,122,4.820281566
eyed,7,2.197224577
f,70,4.276666119
fable,2,1.386294361
face,371,5.92157842
fact,447,6.107022888
fad,2,1.386294361
fade,2,1.386294361
fail,37,3.663561646
fain,1,1.098612289
faint,25,3.295836866
fair,77,4.369447852
faith,111,4.727387819
fake,10,2.48490665
fall,147,5.003946306
false,29,3.433987204
fame,18,2.995732274
fan,18,2.995732274
far,427,6.061456919
farce,3,1.609437912
fare,7,2.197224577
farm,125,4.844187086
fast,78,4.382026635
fat,60,4.127134385
fate,33,3.555348061
fault,22,3.17805383
fawn,1,1.098612289
fay,1,1.098612289
faze,1,1.098612289
fe,7,2.197224577
fear,127,4.859812404
feast,3,1.609437912
feat,6,2.079441542
fed,42,3.784189634
fee,16,2.890371758
feeble,8,2.302585093
feed,123,4.828313737
feel,216,5.384495063
feet,283,5.65248918
feint,2,1.386294361
fell,92,4.543294782
felt,357,5.883322388
fence,30,3.465735903
fer,2,1.386294361
fern,1,1.098612289
fetch,6,2.079441542
fete,3,1.609437912
feud,1,1.098612289
few,601,6.401917197
fiance,1,1.098612289
fiat,13,2.708050201
field,274,5.620400866
fiend,3,1.609437912
fierce,8,2.302585093
fife,1,1.098612289
fifth,38,3.688879454
fig,72,4.304065093
fight,98,4.605170186
fike,2,1.386294361
file,81,4.418840608
fill,50,3.951243719
film,96,4.584967479
filth,2,1.386294361
fin,2,1.386294361
find,399,5.993961427
fine,161,5.093750201
finn,1,1.098612289
fir,2,1.386294361
firm,109,4.709530201
first,1360,7.216709487
fish,35,3.610917913
fisk,2,1.386294361
fist,26,3.33220451
fit,75,4.343805422
fitch,1,1.098612289
five,286,5.66296048
fix,14,2.772588722
flag,16,2.890371758
flail,1,1.098612289
flair,8,2.302585093
flake,1,1.098612289
flame,17,2.944438979
flange,2,1.386294361
flank,2,1.386294361
flare,3,1.609437912
flash,21,3.135494216
flask,5,1.945910149
flat,67,4.234106505
flaw,3,1.609437912
flax,3,1.609437912
flea,2,1.386294361
fleck,1,1.098612289
fled,28,3.401197382
flee,1,1.098612289
fleet,17,2.944438979
flesh,52,3.988984047
flew,27,3.36729583
flex,2,1.386294361
flick,2,1.386294361
flight,46,3.871201011
fling,2,1.386294361
flint,4,1.791759469
flip,4,1.791759469
flirt,1,1.098612289
float,3,1.609437912
flock,10,2.48490665
floe,1,1.098612289
flog,1,1.098612289
flood,19,3.044522438
floor,158,5.075173815
flop,1,1.098612289
flow,67,4.234106505
flown,4,1.791759469
flu,8,2.302585093
fluent,5,1.945910149
fluff,1,1.098612289
fluke,1,1.098612289
flung,14,2.772588722
flush,11,2.564949357
flute,1,1.098612289
flux,30,3.465735903
fly,33,3.555348061
flyer,4,1.791759469
flying,43,3.80666249
foal,2,1.386294361
foam,37,3.663561646
foe,8,2.302585093
fog,25,3.295836866
foh,1,1.098612289
foil,20,3.091042453
fold,7,2.197224577
folk,34,3.583518938
fond,13,2.708050201
food,147,5.003946306
fool,37,3.663561646
foot,70,4.276666119
for,9489,9.15809926
force,230,5.446737372
ford,24,3.258096538
fore,7,2.197224577
forge,10,2.48490665
fork,14,2.772588722
form,370,5.918893854
fort,55,4.043051268
forte,6,2.079441542
forth,71,4.290459441
fought,46,3.871201011
foul,4,1.791759469
found,536,6.28785856
four,359,5.888877958
fourth,74,4.33073334
fowl,1,1.098612289
fox,13,2.708050201
foy,2,1.386294361
frail,8,2.302585093
frame,74,4.33073334
franc,1,1.098612289
frank,68,4.248495242
frau,1,1.098612289
fraud,8,2.302585093
fray,1,1.098612289
freak,4,1.791759469
free,260,5.568344504
freeze,6,2.079441542
freight,28,3.401197382
french,139,4.94875989
fresh,82,4.430816799
fret,1,1.098612289
friar,1,1.098612289
fried,6,2.079441542
friend,133,4.905274778
frieze,13,2.708050201
fright,2,1.386294361
fringe,16,2.890371758
frist,1,1.098612289
frock,2,1.386294361
frog,1,1.098612289
from,4369,8.382747095
front,221,5.407171771
frost,6,2.079441542
froth,1,1.098612289
frown,1,1.098612289
froze,5,1.945910149
fruit,35,3.610917913
fry,2,1.386294361
fuel,17,2.944438979
full,230,5.446737372
fumble,1,1.098612289
fun,44,3.828641396
fund,62,4.158883083
funk,4,1.791759469
fur,13,2.708050201
fuse,5,1.945910149
fuss,4,1.791759469
fuzz,3,1.609437912
fy,1,1.098612289
g,50,3.951243719
gab,1,1.098612289
gable,2,1.386294361
gag,4,1.791759469
gage,4,1.791759469
gaggle,1,1.098612289
gain,74,4.33073334
gait,8,2.302585093
gale,2,1.386294361
gall,7,2.197224577
galt,2,1.386294361
game,123,4.828313737
gang,22,3.17805383
gap,17,2.944438979
garb,3,1.609437912
garth,14,2.772588722
gas,98,4.605170186
gash,1,1.098612289
gasp,3,1.609437912
gate,37,3.663561646
gauche,1,1.098612289
gauge,12,2.63905733
gaul,1,1.098612289
gaunt,6,2.079441542
gauss,2,1.386294361
gauze,1,1.098612289
gave,285,5.659482216
gay,30,3.465735903
gaze,12,2.63905733
gear,26,3.33220451
gee,4,1.791759469
geese,3,1.609437912
gel,2,1.386294361
gem,4,1.791759469
gen,23,3.218875825
gene,9,2.397895273
genre,2,1.386294361
gentle,27,3.36729583
george,129,4.875197323
germ,3,1.609437912
get,750,6.622736324
ghost,11,2.564949357
ghoul,1,1.098612289
giant,23,3.218875825
giaour,1,1.098612289
gibe,1,1.098612289
gift,33,3.555348061
gig,1,1.098612289
gild,1,1.098612289
gill,2,1.386294361
gilt,3,1.609437912
gin,23,3.218875825
gird,1,1.098612289
girl,220,5.402677382
girth,1,1.098612289
gist,1,1.098612289
git,4,1.791759469
give,391,5.973809612
glad,38,3.688879454
glance,40,3.737669618
gland,9,2.397895273
glare,7,2.197224577
glass,99,4.615120517
glaze,11,2.564949357
gleam,4,1.791759469
glean,1,1.098612289
glee,3,1.609437912
glen,7,2.197224577
glib,1,1.098612289
glide,2,1.386294361
glimpse,16,2.890371758
glint,2,1.386294361
globe,13,2.708050201
gloom,14,2.772588722
gloss,1,1.098612289
glove,9,2.397895273
glow,16,2.890371758
glue,8,2.302585093
glum,1,1.098612289
gnaw,1,1.098612289
gnome,1,1.098612289
go,626,6.442540166
goa,1,1.098612289
goad,1,1.098612289
goal,60,4.127134385
goat,6,2.079441542
gob,1,1.098612289
god,318,5.768320996
gog,1,1.098612289
going,399,5.993961427
gold,52,3.988984047
golf,34,3.583518938
gone,195,5.283203729
good,807,6.695798917
goods,57,4.077537444
goose,4,1.791759469
gore,7,2.197224577
gorge,1,1.098612289
gosh,4,1.791759469
got,482,6.182084907
gouge,1,1.098612289
gourd,2,1.386294361
gout,2,1.386294361
goutte,1,1.098612289
gown,16,2.890371758
grab,16,2.890371758
grace,40,3.737669618
grade,35,3.610917913
graff,1,1.098612289
graft,1,1.098612289
grail,2,1.386294361
grain,27,3.36729583
gram,10,2.48490665
grand,48,3.912023005
grant,47,3.891820298
grape,3,1.609437912
graph,17,2.944438979
grapple,1,1.098612289
grasp,17,2.944438979
grass,53,4.007333185
grate,3,1.609437912
graunt,1,1.098612289
grave,33,3.555348061
gray,80,4.406719247
graze,1,1.098612289
grease,9,2.397895273
great,665,6.502790046
greed,3,1.609437912
greek,61,4.143134726
green,116,4.770684624
greet,7,2.197224577
gret,1,1.098612289
grew,64,4.189654742
grey,12,2.63905733
grief,10,2.48490665
grill,12,2.63905733
grille,3,1.609437912
grim,14,2.772588722
grimm,2,1.386294361
grin,13,2.708050201
grind,2,1.386294361
grip,20,3.091042453
gripes,1,1.098612289
gris,1,1.098612289
grist,2,1.386294361
grit,1,1.098612289
groan,1,1.098612289
groat,1,1.098612289
groin,4,1.791759469
groom,5,1.945910149
groove,2,1.386294361
grope,1,1.098612289
gross,66,4.219507705
ground,186,5.236441963
group,390,5.97126184
grove,14,2.772588722
grow,63,4.17438727
growl,4,1.791759469
grown,43,3.80666249
growth,155,5.056245805
grub,2,1.386294361
grudge,7,2.197224577
gruff,4,1.791759469
grumble,7,2.197224577
grunt,2,1.386294361
guard,48,3.912023005
guess,56,4.060443011
guest,39,3.713572067
guide,36,3.63758616
guild,7,2.197224577
guile,1,1.098612289
guilt,33,3.555348061
guise,6,2.079441542
gulf,22,3.17805383
gull,1,1.098612289
gulp,2,1.386294361
gum,14,2.772588722
gun,118,4.787491743
gush,1,1.098612289
gust,2,1.386294361
gut,1,1.098612289
guy,51,3.970291914
guzzle,1,1.098612289
gym,2,1.386294361
gyp,6,2.079441542
h,74,4.33073334
ha,2,1.386294361
hable,1,1.098612289
hack,3,1.609437912
had,5133,8.543835122
haggle,1,1.098612289
hail,10,2.48490665
hair,148,5.010635294
hale,2,1.386294361
half,275,5.624017506
hall,152,5.036952602
halt,10,2.48490665
ham,19,3.044522438
han,13,2.708050201
hand,431,6.070737728
hang,26,3.33220451
hank,17,2.944438979
hans,44,3.828641396
hap,1,1.098612289
hard,202,5.318119994
hare,1,1.098612289
hark,3,1.609437912
harm,25,3.295836866
harp,1,1.098612289
harsh,12,2.63905733
hart,13,2.708050201
has,2439,7.80016307
hash,1,1.098612289
hast,1,1.098612289
haste,9,2.397895273
hat,56,4.060443011
hatch,5,1.945910149
hate,42,3.784189634
hath,3,1.609437912
haul,5,1.945910149
haunt,4,1.791759469
have,3941,8.279697134
haw,1,1.098612289
hawk,14,2.772588722
hay,19,3.044522438
haze,7,2.197224577
he,9543,9.163772736
he'll,31,3.496507561
he's,125,4.844187086
head,424,6.054439346
heal,2,1.386294361
health,105,4.672828834
heap,14,2.772588722
hear,153,5.043425117
heard,247,5.517452896
hearse,1,1.098612289
hearst,48,3.912023005
heart,173,5.164785974
hearth,4,1.791759469
heat,97,4.59511985
heave,2,1.386294361
heck,1,1.098612289
hedge,2,1.386294361
heed,8,2.302585093
heel,9,2.397895273
height,35,3.610917913
heir,7,2.197224577
held,264,5.583496309
hell,95,4.574710979
helm,4,1.791759469
help,311,5.746203191
hem,4,1.791759469
hen,22,3.17805383
hence,58,4.094344562
her,3037,8.019283793
herb,7,2.197224577
herd,22,3.17805383
here,750,6.622736324
hers,16,2.890371758
hey,15,2.833213344
hi,6,2.079441542
hick,1,1.098612289
hid,6,2.079441542
hide,22,3.17805383
high,497,6.212606096
hike,4,1.791759469
hill,72,4.304065093
hilt,3,1.609437912
him,2619,7.871311203
hind,6,2.079441542
hinge,1,1.098612289
hint,9,2.397895273
hip,10,2.48490665
hir,1,1.098612289
his,6997,8.853522561
hiss,2,1.386294361
hit,115,4.762173935
hitch,5,1.945910149
hive,2,1.386294361
hoarse,5,1.945910149
hob,1,1.098612289
hog,3,1.609437912
hoist,1,1.098612289
hold,169,5.141663557
hole,58,4.094344562
home,547,6.308098442
hone,2,1.386294361
hong,11,2.564949357
hooch,1,1.098612289
hood,7,2.197224577
hoof,2,1.386294361
hook,5,1.945910149
hoop,3,1.609437912
hoot,9,2.397895273
hop,2,1.386294361
hope,178,5.192956851
horde,2,1.386294361
horn,31,3.496507561
hors,1,1.098612289
horse,117,4.779123493
hose,9,2.397895273
hoss,5,1.945910149
host,36,3.63758616
hot,130,4.882801923
hough,6,2.079441542
hound,7,2.197224577
house,591,6.385194399
hove,1,1.098612289
how,834,6.728628613
howl,4,1.791759469
hoy,1,1.098612289
hub,11,2.564949357
huck,1,1.098612289
huddle,4,1.791759469
hue,1,1.098612289
huff,10,2.48490665
hug,3,1.609437912
huge,54,4.025351691
hugh,9,2.397895273
hulk,2,1.386294361
hull,13,2.708050201
hum,5,1.945910149
hump,2,1.386294361
hun,2,1.386294361
hunch,7,2.197224577
hung,65,4.204692619
hunk,2,1.386294361
hunt,10,2.48490665
hurl,3,1.609437912
hurt,37,3.663561646
hush,4,1.791759469
hut,13,2.708050201
hymn,9,2.397895273
i,5173,8.551594618
i'm,268,5.598421959
i've,125,4.844187086
ice,45,3.850147602
ich,1,1.098612289
idle,13,2.708050201
if,2199,7.696667082
ike,4,1.791759469
ill,39,3.713572067
in,21341,9.968479096
inch,40,3.737669618
ind,2,1.386294361
ing,1,1.098612289
ink,7,2.197224577
inn,9,2.397895273
io,1,1.098612289
ion,6,2.079441542
is,10099,9.220389708
isle,5,1.945910149
ist,1,1.098612289
it,8756,9.077722847
it's,302,5.717027701
itch,5,1.945910149
its,1858,7.528331767
j,124,4.836281907
jab,1,1.098612289
jack,92,4.543294782
jade,1,1.098612289
jag,1,1.098612289
jail,21,3.135494216
jam,6,2.079441542
jane,35,3.610917913
jar,16,2.890371758
jaw,16,2.890371758
jay,15,2.833213344
jazz,99,4.615120517
jean,23,3.218875825
jeans,1,1.098612289
jee,1,1.098612289
jeep,16,2.890371758
jeff,3,1.609437912
jerk,2,1.386294361
jess,33,3.555348061
jesse,3,1.609437912
jest,1,1.098612289
jet,29,3.433987204
jew,26,3.33220451
jig,8,2.302585093
jo,6,2.079441542
joan,14,2.772588722
job,238,5.480638923
joe,55,4.043051268
joey,2,1.386294361
john,362,5.897153868
join,65,4.204692619
joint,39,3.713572067
joke,22,3.17805383
jolt,4,1.791759469
joss,1,1.098612289
jostle,1,1.098612289
jot,1,1.098612289
joust,1,1.098612289
jowl,2,1.386294361
joy,40,3.737669618
judge,77,4.369447852
jug,6,2.079441542
juice,11,2.564949357
juke,2,1.386294361
jump,24,3.258096538
#VALUE!,34121,10.43772692
jungle,20,3.091042453
junk,8,2.302585093
just,872,6.773080376
k,20,3.091042453
kale,1,1.098612289
kan,3,1.609437912
kant,2,1.386294361
keel,6,2.079441542
keen,11,2.564949357
keep,264,5.583496309
keg,2,1.386294361
kelp,2,1.386294361
ken,12,2.63905733
kept,186,5.236441963
kern,8,2.302585093
key,88,4.49980967
keyed,3,1.609437912
keys,34,3.583518938
khan,2,1.386294361
kiang,1,1.098612289
kick,16,2.890371758
kid,61,4.143134726
kill,63,4.17438727
kin,2,1.386294361
kind,313,5.752572639
king,88,4.49980967
kirk,1,1.098612289
kiss,17,2.944438979
kit,2,1.386294361
kite,1,1.098612289
knack,4,1.791759469
knead,1,1.098612289
knee,35,3.610917913
kneel,5,1.945910149
knelt,8,2.302585093
knew,395,5.983936281
knife,76,4.356708827
knight,18,2.995732274
knit,10,2.48490665
knob,2,1.386294361
knock,15,2.833213344
knoll,2,1.386294361
knot,8,2.302585093
know,683,6.529418838
known,245,5.509388337
kob,1,1.098612289
ky,2,1.386294361
l,55,4.043051268
la,61,4.143134726
lab,3,1.609437912
lace,7,2.197224577
lack,110,4.718498871
lad,6,2.079441542
lag,3,1.609437912
laid,77,4.369447852
lain,4,1.791759469
lake,54,4.025351691
lamb,7,2.197224577
lame,2,1.386294361
lamp,18,2.995732274
lance,3,1.609437912
land,217,5.38907173
lane,30,3.465735903
lang,1,1.098612289
lap,19,3.044522438
lapse,6,2.079441542
lard,4,1.791759469
large,361,5.894402834
lark,2,1.386294361
las,5,1.945910149
lash,6,2.079441542
lass,2,1.386294361
last,676,6.519147288
latch,5,1.945910149
late,179,5.198497031
lath,2,1.386294361
lathe,1,1.098612289
laugh,28,3.401197382
launch,10,2.48490665
law,299,5.707110265
lawn,15,2.833213344
lax,3,1.609437912
lay,139,4.94875989
layer,12,2.63905733
laying,12,2.63905733
laze,1,1.098612289
le,14,2.772588722
lead,129,4.875197323
leads,33,3.555348061
leaf,12,2.63905733
league,69,4.262679877
leak,2,1.386294361
lean,20,3.091042453
leap,14,2.772588722
leapt,2,1.386294361
lear,4,1.791759469
learn,84,4.454347296
lease,10,2.48490665
leash,3,1.609437912
least,343,5.843544417
leave,205,5.332718793
led,132,4.8978398
ledge,6,2.079441542
lee,34,3.583518938
lees,1,1.098612289
leet,1,1.098612289
left,480,6.177944114
leg,58,4.094344562
lend,14,2.772588722
length,116,4.770684624
lens,12,2.63905733
lent,5,1.945910149
leon,5,1.945910149
les,3,1.609437912
less,438,6.086774727
lest,17,2.944438979
let,384,5.955837369
letch,19,3.044522438
lew,4,1.791759469
lewd,3,1.609437912
lice,2,1.386294361
lick,3,1.609437912
lid,19,3.044522438
lie,59,4.110873864
lien,2,1.386294361
lieu,5,1.945910149
life,715,6.575075841
lift,23,3.218875825
light,333,5.814130532
lights,47,3.891820298
like,1290,7.163946684
lilt,1,1.098612289
limb,5,1.945910149
lime,13,2.708050201
limp,12,2.63905733
line,298,5.703782475
link,16,2.890371758
links,7,2.197224577
lint,4,1.791759469
lion,17,2.944438979
lip,18,2.995732274
lisle,1,1.098612289
liss,1,1.098612289
list,133,4.905274778
lit,17,2.944438979
lithe,4,1.791759469
little,831,6.725033642
live,177,5.187385806
lo,22,3.17805383
load,45,3.850147602
loaf,4,1.791759469
loan,46,3.871201011
loath,3,1.609437912
lob,1,1.098612289
lobe,3,1.609437912
lock,23,3.218875825
lodge,19,3.044522438
loft,2,1.386294361
log,11,2.564949357
loin,1,1.098612289
lond,1,1.098612289
lone,8,2.302585093
long,755,6.629363253
look,399,5.993961427
loom,6,2.079441542
loon,2,1.386294361
loop,21,3.135494216
loose,53,4.007333185
loot,3,1.609437912
lop,1,1.098612289
lope,2,1.386294361
lord,93,4.553876892
lore,7,2.197224577
lose,58,4.094344562
loss,86,4.477336814
lost,173,5.164785974
lot,127,4.859812404
loud,20,3.091042453
lounge,9,2.397895273
louse,3,1.609437912
louvre,2,1.386294361
love,232,5.455321115
low,174,5.170483995
lown,1,1.098612289
loy,1,1.098612289
loyal,18,2.995732274
luck,47,3.891820298
lug,2,1.386294361
luke,3,1.609437912
lull,2,1.386294361
lump,7,2.197224577
lunch,33,3.555348061
lung,16,2.890371758
lunge,4,1.791759469
lunged,4,1.791759469
lurch,3,1.609437912
lure,7,2.197224577
lurk,1,1.098612289
lush,5,1.945910149
lust,5,1.945910149
lustre,2,1.386294361
lute,1,1.098612289
lying,36,3.63758616
lymph,2,1.386294361
lynn,5,1.945910149
lyon,3,1.609437912
m,84,4.454347296
ma,19,3.044522438
ma'am,5,1.945910149
mac,1,1.098612289
mack,1,1.098612289
mad,39,3.713572067
made,1125,7.027314514
mag,1,1.098612289
maid,31,3.496507561
mail,47,3.891820298
main,119,4.795790546
mains,1,1.098612289
make,794,6.679599186
male,37,3.663561646
mall,3,1.609437912
malt,1,1.098612289
man,1207,7.097548851
manse,1,1.098612289
map,13,2.708050201
#VALUE!,43531,10.68127455
marble,21,3.135494216
#VALUE!,43526,10.68115969
march,120,4.804021045
mare,16,2.890371758
mark,83,4.442651256
mars,21,3.135494216
marsh,4,1.791759469
mart,2,1.386294361
mash,1,1.098612289
mask,9,2.397895273
masque,1,1.098612289
mass,110,4.718498871
mast,6,2.079441542
mat,5,1.945910149
match,41,3.761200116
mate,21,3.135494216
math,4,1.791759469
matt,3,1.609437912
mauve,1,1.098612289
maw,2,1.386294361
may,1400,7.245655068
maybe,134,4.912654886
mayor,38,3.688879454
maze,6,2.079441542
me,1181,7.075808864
mead,2,1.386294361
meal,30,3.465735903
mean,199,5.303304908
means,310,5.743003188
meant,100,4.624972813
meat,45,3.850147602
meek,10,2.48490665
meet,148,5.010635294
meg,2,1.386294361
meld,1,1.098612289
melt,4,1.791759469
mem,1,1.098612289
men,763,6.639875834
mend,2,1.386294361
merce,1,1.098612289
mere,47,3.891820298
merge,10,2.48490665
merle,1,1.098612289
mesh,4,1.791759469
mess,22,3.17805383
messrs,3,1.609437912
met,132,4.8978398
metre,1,1.098612289
mettle,2,1.386294361
mew,1,1.098612289
mi,3,1.609437912
mice,10,2.48490665
mid,2,1.386294361
middle,118,4.787491743
midge,4,1.791759469
midst,19,3.044522438
mien,1,1.098612289
mig,1,1.098612289
might,672,6.513230111
mike,91,4.532599493
mil,1,1.098612289
mild,14,2.772588722
mile,48,3.912023005
milk,49,3.931825633
mill,11,2.564949357
milt,2,1.386294361
mince,1,1.098612289
mind,325,5.789960171
mine,59,4.110873864
mingle,2,1.386294361
mink,5,1.945910149
mint,7,2.197224577
mirth,2,1.386294361
miss,258,5.560681631
mist,14,2.772588722
mite,1,1.098612289
mix,13,2.708050201
mo,8,2.302585093
moan,1,1.098612289
mob,10,2.48490665
mock,8,2.302585093
mode,21,3.135494216
moist,11,2.564949357
mold,45,3.850147602
mole,4,1.791759469
moll,5,1.945910149
mom,3,1.609437912
monde,2,1.386294361
monk,16,2.890371758
mont,2,1.386294361
month,130,4.882801923
mood,37,3.663561646
moon,60,4.127134385
moors,2,1.386294361
moot,1,1.098612289
mop,3,1.609437912
mops,1,1.098612289
more,2216,7.704361168
morgue,1,1.098612289
morse,29,3.433987204
mort,2,1.386294361
mosk,3,1.609437912
mosque,10,2.48490665
moss,9,2.397895273
most,1160,7.057897937
mot,1,1.098612289
moth,1,1.098612289
mould,1,1.098612289
mound,11,2.564949357
mount,26,3.33220451
mourn,2,1.386294361
mouse,10,2.48490665
mouth,103,4.65396035
move,171,5.153291594
much,937,6.844815479
muck,1,1.098612289
mud,32,3.526360525
muff,1,1.098612289
mug,1,1.098612289
muir,1,1.098612289
mulch,6,2.079441542
mule,4,1.791759469
mum,1,1.098612289
mumble,1,1.098612289
munch,1,1.098612289
muscle,42,3.784189634
muse,4,1.791759469
must,1013,6.922643891
mute,3,1.609437912
my,1319,7.186144305
myrrh,2,1.386294361
myth,35,3.610917913
n,41,3.761200116
nab,1,1.098612289
nae,1,1.098612289
nail,6,2.079441542
naive,7,2.197224577
nam,13,2.708050201
name,294,5.690359454
nap,4,1.791759469
naught,2,1.386294361
nay,2,1.386294361
ne,1,1.098612289
neal,4,1.791759469
near,198,5.298317367
neat,21,3.135494216
neck,81,4.418840608
need,360,5.891644212
needle,15,2.833213344
needs,152,5.036952602
nerve,12,2.63905733
nest,20,3.091042453
net,34,3.583518938
new,1635,7.400620577
news,102,4.644390899
newt,8,2.302585093
next,394,5.981414211
nice,75,4.343805422
niche,3,1.609437912
nick,25,3.295836866
niece,8,2.302585093
nigh,1,1.098612289
night,411,6.023447593
nil,1,1.098612289
nine,81,4.418840608
ninth,20,3.091042453
niobe,1,1.098612289
nip,3,1.609437912
no,2201,7.697575347
nob,1,1.098612289
noble,23,3.218875825
nod,12,2.63905733
noise,37,3.663561646
noll,1,1.098612289
non,10,2.48490665
nonce,1,1.098612289
none,108,4.700480366
noon,25,3.295836866
noose,3,1.609437912
nope,1,1.098612289
nor,195,5.283203729
norm,10,2.48490665
north,206,5.33753808
nose,60,4.127134385
not,4609,8.436200032
notch,6,2.079441542
note,127,4.859812404
noun,1,1.098612289
#VALUE!,43790,10.68720643
now,1314,7.182352112
nuance,1,1.098612289
nude,20,3.091042453
nudge,2,1.386294361
null,13,2.708050201
numb,4,1.791759469
nun,2,1.386294361
nurse,17,2.944438979
nut,15,2.833213344
nymph,1,1.098612289
o,55,4.043051268
oak,15,2.833213344
oath,6,2.079441542
och,2,1.386294361
#VALUE!,43762,10.68656684
odd,44,3.828641396
odds,14,2.772588722
of,36411,10.50268113
off,639,6.463029457
oft,1,1.098612289
oh,119,4.795790546
oil,93,4.553876892
old,660,6.495265556
on,6742,8.8164085
once,499,6.216606101
one,3292,8.099857911
ooze,2,1.386294361
or,4207,8.344980369
orb,1,1.098612289
ore,3,1.609437912
os,1,1.098612289
ought,68,4.248495242
ounce,3,1.609437912
our,1252,7.134093721
oust,3,1.609437912
out,2096,7.648739789
owe,10,2.48490665
owl,2,1.386294361
own,772,6.651571874
ox,5,1.945910149
oz,2,1.386294361
p,83,4.442651256
pa,32,3.526360525
pace,43,3.80666249
pack,25,3.295836866
pact,5,1.945910149
pad,8,2.302585093
page,66,4.219507705
pah,4,1.791759469
paid,145,4.990432587
pail,4,1.791759469
pain,88,4.49980967
paint,37,3.663561646
pair,50,3.951243719
pal,2,1.386294361
pale,58,4.094344562
pall,4,1.791759469
palm,22,3.17805383
pam,8,2.302585093
pan,16,2.890371758
pane,3,1.609437912
pants,9,2.397895273
pap,1,1.098612289
par,13,2.708050201
pare,2,1.386294361
park,94,4.564348191
part,500,6.21860012
pas,6,2.079441542
pass,89,4.510859507
past,281,5.645446898
paste,10,2.48490665
pat,35,3.610917913
patch,13,2.708050201
pate,2,1.386294361
path,44,3.828641396
paul,38,3.688879454
paunch,2,1.386294361
pause,21,3.135494216
pave,2,1.386294361
paw,3,1.609437912
pawn,2,1.386294361
pax,1,1.098612289
pay,172,5.159055299
peace,198,5.298317367
peach,3,1.609437912
peak,16,2.890371758
peal,1,1.098612289
pear,6,2.079441542
pearl,9,2.397895273
pebble,1,1.098612289
peck,5,1.945910149
pee,3,1.609437912
peel,3,1.609437912
peep,2,1.386294361
peer,8,2.302585093
peg,4,1.791759469
pen,18,2.995732274
pens,2,1.386294361
people,847,6.744059186
per,371,5.92157842
perch,1,1.098612289
perk,1,1.098612289
perse,2,1.386294361
pert,2,1.386294361
pest,4,1.791759469
pet,8,2.302585093
phase,72,4.304065093
phi,2,1.386294361
phloem,1,1.098612289
phone,54,4.025351691
phrase,34,3.583518938
pi,3,1.609437912
pick,55,4.043051268
pie,14,2.772588722
piece,129,4.875197323
pier,3,1.609437912
pierce,6,2.079441542
pig,8,2.302585093
pike,41,3.761200116
pile,25,3.295836866
pill,15,2.833213344
pimp,3,1.609437912
pin,16,2.890371758
pinch,6,2.079441542
pine,14,2.772588722
pink,48,3.912023005
pint,13,2.708050201
pip,23,3.218875825
pipe,20,3.091042453
pique,2,1.386294361
piss,1,1.098612289
pit,14,2.772588722
pitch,22,3.17805383
pith,1,1.098612289
place,571,6.350885717
plague,6,2.079441542
plaid,1,1.098612289
plain,48,3.912023005
plan,205,5.332718793
plane,114,4.753590191
plank,7,2.197224577
plant,125,4.844187086
plate,22,3.17805383
play,200,5.308267697
playing,101,4.634728988
plea,11,2.564949357
plead,5,1.945910149
please,62,4.158883083
pledge,3,1.609437912
plight,7,2.197224577
plod,1,1.098612289
plot,37,3.663561646
pluck,2,1.386294361
plug,23,3.218875825
plum,1,1.098612289
plumb,5,1.945910149
plume,2,1.386294361
plump,4,1.791759469
plunge,5,1.945910149
plus,72,4.304065093
plush,3,1.609437912
po,3,1.609437912
poach,1,1.098612289
pod,3,1.609437912
poem,48,3.912023005
point,395,5.983936281
poise,6,2.079441542
poke,1,1.098612289
pole,18,2.995732274
poll,9,2.397895273
pomp,1,1.098612289
pond,25,3.295836866
pons,4,1.791759469
poodle,2,1.386294361
pool,111,4.727387819
poor,113,4.744932128
pop,8,2.302585093
pope,40,3.737669618
porch,43,3.80666249
pore,2,1.386294361
pork,10,2.48490665
port,21,3.135494216
pose,11,2.564949357
post,84,4.454347296
pot,28,3.401197382
pouch,2,1.386294361
pound,28,3.401197382
pour,9,2.397895273
pout,1,1.098612289
praise,17,2.944438979
pram,1,1.098612289
prank,1,1.098612289
pray,12,2.63905733
praying,3,1.609437912
preach,8,2.302585093
preamble,4,1.791759469
prep,2,1.386294361
press,127,4.859812404
prey,7,2.197224577
price,108,4.700480366
prick,2,1.386294361
pride,42,3.784189634
priest,16,2.890371758
prim,1,1.098612289
prime,45,3.850147602
prince,33,3.555348061
print,18,2.995732274
prize,28,3.401197382
pro,16,2.890371758
probe,6,2.079441542
prod,2,1.386294361
prompt,11,2.564949357
prone,14,2.772588722
proof,40,3.737669618
prop,7,2.197224577
prose,14,2.772588722
proud,50,3.951243719
prove,53,4.007333185
prow,1,1.098612289
prowl,2,1.386294361
prune,1,1.098612289
pry,6,2.079441542
psalm,4,1.791759469
psyche,7,2.197224577
pub,1,1.098612289
puff,1,1.098612289
puke,1,1.098612289
pull,51,3.970291914
pulp,5,1.945910149
pulse,9,2.397895273
pump,11,2.564949357
pun,1,1.098612289
punch,5,1.945910149
punk,2,1.386294361
pup,2,1.386294361
pure,56,4.060443011
purge,2,1.386294361
purse,14,2.772588722
push,37,3.663561646
put,437,6.084499413
putt,7,2.197224577
q,2,1.386294361
qua,2,1.386294361
quack,9,2.397895273
quaint,12,2.63905733
quake,2,1.386294361
quart,3,1.609437912
quartz,1,1.098612289
queen,41,3.761200116
queer,6,2.079441542
quelch,1,1.098612289
quell,3,1.609437912
quench,1,1.098612289
quest,16,2.890371758
quick,68,4.248495242
quill,9,2.397895273
quince,2,1.386294361
quint,11,2.564949357
quirk,1,1.098612289
quirt,8,2.302585093
quit,15,2.833213344
quite,281,5.645446898
quits,1,1.098612289
quiz,2,1.386294361
quod,1,1.098612289
quote,17,2.944438979
r,66,4.219507705
rabble,2,1.386294361
race,103,4.65396035
rack,9,2.397895273
raft,4,1.791759469
rag,10,2.48490665
rage,16,2.890371758
raid,10,2.48490665
rail,16,2.890371758
rain,70,4.276666119
raise,52,3.988984047
rake,11,2.564949357
ram,2,1.386294361
ramp,6,2.079441542
ran,134,4.912654886
ranch,27,3.36729583
rand,1,1.098612289
rang,21,3.135494216
range,160,5.087596335
rank,24,3.258096538
rap,2,1.386294361
rape,5,1.945910149
rapt,1,1.098612289
rare,41,3.761200116
rash,1,1.098612289
rasp,2,1.386294361
rat,6,2.079441542
rate,209,5.351858133
raw,43,3.80666249
ray,19,3.044522438
re,2,1.386294361
reach,106,4.682131227
read,173,5.164785974
real,260,5.568344504
realm,19,3.044522438
reap,3,1.609437912
rear,51,3.970291914
red,197,5.293304825
reed,5,1.945910149
reef,11,2.564949357
reek,2,1.386294361
reel,2,1.386294361
reich,6,2.079441542
reign,7,2.197224577
rein,3,1.609437912
reins,9,2.397895273
rend,1,1.098612289
rent,21,3.135494216
rep,13,2.708050201
reps,3,1.609437912
rest,163,5.105945474
retch,1,1.098612289
rev,33,3.555348061
rex,5,1.945910149
rheum,1,1.098612289
rhine,7,2.197224577
rhyme,3,1.609437912
rib,1,1.098612289
rice,33,3.555348061
rich,74,4.33073334
rid,19,3.044522438
ride,49,3.931825633
ridge,18,2.995732274
riffle,1,1.098612289
rift,1,1.098612289
rig,5,1.945910149
right,613,6.421622268
rim,5,1.945910149
rime,1,1.098612289
ring,47,3.891820298
rink,2,1.386294361
rinse,6,2.079441542
rip,6,2.079441542
ripe,14,2.772588722
ripple,5,1.945910149
rise,102,4.644390899
risk,54,4.025351691
rite,8,2.302585093
roach,2,1.386294361
road,197,5.293304825
roam,6,2.079441542
roar,13,2.708050201
roast,10,2.48490665
rob,19,3.044522438
robe,6,2.079441542
rock,75,4.343805422
rod,18,2.995732274
rode,40,3.737669618
roe,1,1.098612289
rogue,1,1.098612289
role,104,4.663439094
roll,35,3.610917913
rome,70,4.276666119
romp,1,1.098612289
roof,59,4.110873864
room,383,5.953243334
roost,1,1.098612289
root,30,3.465735903
rope,15,2.833213344
rose,86,4.477336814
ross,11,2.564949357
rot,8,2.302585093
rouge,7,2.197224577
rough,41,3.761200116
round,81,4.418840608
rouse,2,1.386294361
route,43,3.80666249
rove,1,1.098612289
row,35,3.610917913
royal,48,3.912023005
rub,6,2.079441542
rubble,1,1.098612289
rude,6,2.079441542
rue,6,2.079441542
rug,13,2.708050201
rule,73,4.317488114
rum,3,1.609437912
rump,2,1.386294361
run,212,5.365976015
rung,3,1.609437912
runt,1,1.098612289
ruse,2,1.386294361
rush,20,3.091042453
rusk,10,2.48490665
russ,21,3.135494216
rust,10,2.48490665
rut,1,1.098612289
ruth,23,3.218875825
rye,4,1.791759469
s,135,4.919980926
sack,8,2.302585093
sacre,1,1.098612289
sad,35,3.610917913
safe,58,4.094344562
sag,4,1.791759469
sage,2,1.386294361
said,1961,7.582229194
sail,12,2.63905733
saint,16,2.890371758
saith,4,1.791759469
sake,41,3.761200116
sale,44,3.828641396
salle,2,1.386294361
salt,46,3.871201011
salve,3,1.609437912
sam,79,4.394449155
same,686,6.533788838
sample,57,4.077537444
san,70,4.276666119
sand,28,3.401197382
sane,8,2.302585093
sang,29,3.433987204
sank,18,2.995732274
sans,2,1.386294361
sap,1,1.098612289
sash,3,1.609437912
sat,150,5.023880521
sauce,20,3.091042453
saute,1,1.098612289
save,62,4.158883083
saw,352,5.869296913
sax,6,2.079441542
say,504,6.226536669
saying,113,4.744932128
says,200,5.308267697
scald,1,1.098612289
scale,60,4.127134385
scalp,4,1.791759469
scan,5,1.945910149
scant,5,1.945910149
scar,10,2.48490665
scarce,6,2.079441542
scare,3,1.609437912
scarf,4,1.791759469
scene,106,4.682131227
scent,6,2.079441542
scheme,33,3.555348061
schnapps,1,1.098612289
school,492,6.202535517
science,131,4.890349128
scoop,5,1.945910149
scop,1,1.098612289
scope,27,3.36729583
scops,1,1.098612289
score,66,4.219507705
scorn,4,1.791759469
scot,1,1.098612289
scotch,5,1.945910149
scots,8,2.302585093
scourge,2,1.386294361
scout,8,2.302585093
scrap,8,2.302585093
scrape,3,1.609437912
scratch,9,2.397895273
scream,13,2.708050201
screech,1,1.098612289
screen,48,3.912023005
screw,21,3.135494216
scribe,4,1.791759469
scrim,1,1.098612289
script,11,2.564949357
scrub,9,2.397895273
scuff,1,1.098612289
scuse,1,1.098612289
se,9,2.397895273
sea,95,4.574710979
seal,17,2.944438979
seam,9,2.397895273
sear,2,1.386294361
search,66,4.219507705
seat,54,4.025351691
sec,19,3.044522438
sect,2,1.386294361
see,772,6.651571874
seed,41,3.761200116
seeing,86,4.477336814
seek,69,4.262679877
seem,229,5.442417711
seen,279,5.638354669
seep,2,1.386294361
seize,6,2.079441542
self,40,3.737669618
sell,41,3.761200116
sen,30,3.465735903
send,74,4.33073334
sense,311,5.746203191
sent,145,4.990432587
#VALUE!,13028,9.47500967
seq,1,1.098612289
serge,5,1.945910149
serve,107,4.691347882
set,414,6.03068526
sew,6,2.079441542
sewn,1,1.098612289
sex,84,4.454347296
shack,1,1.098612289
shade,28,3.401197382
shaft,11,2.564949357
shag,1,1.098612289
shah,2,1.386294361
shake,17,2.944438979
shall,267,5.59471138
sham,1,1.098612289
shame,21,3.135494216
shan't,1,1.098612289
shank,1,1.098612289
shape,85,4.465908119
share,98,4.605170186
sharp,72,4.304065093
shave,6,2.079441542
shaw,9,2.397895273
shawl,3,1.609437912
shay,1,1.098612289
she,2859,7.958926493
shea,10,2.48490665
sheaf,3,1.609437912
shear,40,3.737669618
sheath,4,1.791759469
shed,11,2.564949357
sheen,2,1.386294361
sheep,23,3.218875825
sheer,15,2.833213344
sheet,45,3.850147602
sheik,4,1.791759469
shelf,12,2.63905733
shell,22,3.17805383
shield,8,2.302585093
shift,41,3.761200116
shim,1,1.098612289
shin,3,1.609437912
shine,5,1.945910149
ship,83,4.442651256
shirt,27,3.36729583
shit,2,1.386294361
shock,31,3.496507561
shod,2,1.386294361
shoe,14,2.772588722
shone,5,1.945910149
shook,57,4.077537444
shoot,27,3.36729583
shop,63,4.17438727
shore,61,4.143134726
short,212,5.365976015
shot,112,4.736198448
should,888,6.791221463
shout,9,2.397895273
shove,2,1.386294361
show,287,5.666426688
shown,166,5.123963979
shrank,1,1.098612289
shred,3,1.609437912
shrewd,8,2.302585093
shriek,5,1.945910149
shrill,7,2.197224577
shrimp,2,1.386294361
shrine,7,2.197224577
shrink,5,1.945910149
shrove,1,1.098612289
shrub,1,1.098612289
shrug,2,1.386294361
shun,1,1.098612289
shunt,1,1.098612289
shut,46,3.871201011
shute,1,1.098612289
shy,13,2.708050201
si,1,1.098612289
sic,4,1.791759469
sick,51,3.970291914
side,380,5.945420609
sidle,1,1.098612289
siege,6,2.079441542
sieve,1,1.098612289
sigh,11,2.564949357
sight,86,4.477336814
sign,94,4.564348191
silk,12,2.63905733
sill,4,1.791759469
simple,161,5.093750201
sin,53,4.007333185
since,628,6.445719819
sine,4,1.791759469
sing,34,3.583518938
single,172,5.159055299
sink,23,3.218875825
sip,2,1.386294361
sir,95,4.574710979
sit,67,4.234106505
site,64,4.189654742
six,220,5.402677382
sixth,26,3.33220451
size,138,4.941642423
sizzle,1,1.098612289
skate,1,1.098612289
skeet,2,1.386294361
sketch,16,2.890371758
ski,5,1.945910149
skid,2,1.386294361
skiff,9,2.397895273
skill,42,3.784189634
skin,47,3.891820298
skip,5,1.945910149
skirt,21,3.135494216
skit,1,1.098612289
skulk,1,1.098612289
skull,3,1.609437912
sky,58,4.094344562
skye,1,1.098612289
slab,9,2.397895273
slack,9,2.397895273
slam,3,1.609437912
slang,2,1.386294361
slant,3,1.609437912
slap,2,1.386294361
slash,3,1.609437912
slat,2,1.386294361
slate,10,2.48490665
slave,30,3.465735903
slaying,3,1.609437912
sleek,2,1.386294361
sleep,65,4.204692619
sleet,1,1.098612289
sleeve,11,2.564949357
sleight,1,1.098612289
slept,27,3.36729583
slice,13,2.708050201
slick,7,2.197224577
slid,24,3.258096538
slide,20,3.091042453
slight,53,4.007333185
slim,20,3.091042453
sling,1,1.098612289
slip,19,3.044522438
slit,6,2.079441542
slob,4,1.791759469
sloe,2,1.386294361
sloop,1,1.098612289
slop,2,1.386294361
slope,19,3.044522438
slot,6,2.079441542
slouch,1,1.098612289
slough,1,1.098612289
slow,60,4.127134385
sludge,4,1.791759469
slug,10,2.48490665
sluice,2,1.386294361
slum,8,2.302585093
slump,8,2.302585093
slung,2,1.386294361
sly,5,1.945910149
smack,4,1.791759469
small,542,6.298949247
smart,21,3.135494216
smash,4,1.791759469
smear,2,1.386294361
smell,34,3.583518938
smelt,3,1.609437912
smile,58,4.094344562
smirk,3,1.609437912
smith,54,4.025351691
smog,1,1.098612289
smoke,41,3.761200116
smooth,42,3.784189634
smug,7,2.197224577
snack,6,2.079441542
snag,3,1.609437912
snail,1,1.098612289
snake,44,3.828641396
snap,12,2.63905733
snare,1,1.098612289
snatch,4,1.791759469
snead,2,1.386294361
sneak,2,1.386294361
sneer,1,1.098612289
snick,1,1.098612289
sniff,2,1.386294361
sniffle,1,1.098612289
snook,1,1.098612289
snoop,1,1.098612289
snort,3,1.609437912
snout,1,1.098612289
snow,59,4.110873864
snug,2,1.386294361
so,1984,7.593877845
soak,7,2.197224577
soap,22,3.17805383
sock,4,1.791759469
sod,3,1.609437912
soe,1,1.098612289
soft,61,4.143134726
soil,54,4.025351691
sol,3,1.609437912
sold,47,3.891820298
sole,18,2.995732274
solve,20,3.091042453
sombre,2,1.386294361
some,1617,7.389563954
son,166,5.123963979
song,70,4.276666119
soon,199,5.303304908
soot,1,1.098612289
soothe,2,1.386294361
sop,1,1.098612289
sore,10,2.48490665
sort,164,5.111987788
sou,1,1.098612289
souffle,1,1.098612289
sought,55,4.043051268
soul,47,3.891820298
sound,204,5.327876169
soup,16,2.890371758
sour,3,1.609437912
source,94,4.564348191
south,240,5.488937726
sow,3,1.609437912
sown,3,1.609437912
soy,1,1.098612289
spa,2,1.386294361
space,184,5.225746674
spade,10,2.48490665
span,19,3.044522438
spare,23,3.218875825
spark,12,2.63905733
sparse,5,1.945910149
spat,9,2.397895273
spate,2,1.386294361
speak,110,4.718498871
spear,7,2.197224577
spec,1,1.098612289
speck,7,2.197224577
sped,9,2.397895273
speech,61,4.143134726
speed,83,4.442651256
speer,1,1.098612289
spell,19,3.044522438
spend,53,4.007333185
spent,104,4.663439094
sphere,22,3.17805383
sphinx,1,1.098612289
spice,4,1.791759469
spike,2,1.386294361
spill,1,1.098612289
spin,5,1.945910149
spine,6,2.079441542
spire,5,1.945910149
spit,11,2.564949357
spite,56,4.060443011
spittle,2,1.386294361
splash,3,1.609437912
spleen,2,1.386294361
splice,1,1.098612289
split,30,3.465735903
splurge,1,1.098612289
spoil,3,1.609437912
spoke,87,4.48863637
sponge,7,2.197224577
spoof,1,1.098612289
spoon,6,2.079441542
sport,17,2.944438979
spot,57,4.077537444
spouse,3,1.609437912
spout,1,1.098612289
sprang,13,2.708050201
sprawl,3,1.609437912
spray,16,2.890371758
spread,83,4.442651256
spree,4,1.791759469
sprig,1,1.098612289
spring,127,4.859812404
sprite,1,1.098612289
sprout,1,1.098612289
spruce,5,1.945910149
sprue,2,1.386294361
sprung,8,2.302585093
spume,1,1.098612289
spun,16,2.890371758
spur,13,2.708050201
spurt,2,1.386294361
spy,9,2.397895273
squad,18,2.995732274
squall,7,2.197224577
square,143,4.976733742
squash,2,1.386294361
squat,7,2.197224577
squaw,1,1.098612289
squawk,1,1.098612289
squeak,1,1.098612289
squeal,1,1.098612289
squeeze,11,2.564949357
squint,1,1.098612289
squire,5,1.945910149
squirt,1,1.098612289
stab,3,1.609437912
stack,9,2.397895273
staff,113,4.744932128
stag,8,2.302585093
stage,174,5.170483995
staid,1,1.098612289
stain,6,2.079441542
stair,2,1.386294361
stake,20,3.091042453
stale,4,1.791759469
stall,18,2.995732274
stamp,8,2.302585093
stance,6,2.079441542
stanch,1,1.098612289
stand,148,5.010635294
staple,1,1.098612289
star,25,3.295836866
starch,4,1.791759469
stare,14,2.772588722
stark,7,2.197224577
starr,1,1.098612289
start,154,5.049856007
startle,1,1.098612289
starve,1,1.098612289
state,808,6.697034248
staunch,3,1.609437912
stave,2,1.386294361
stay,113,4.744932128
staying,17,2.944438979
stead,5,1.945910149
steak,10,2.48490665
steal,5,1.945910149
stealth,5,1.945910149
steam,17,2.944438979
steed,1,1.098612289
steel,45,3.850147602
steep,13,2.708050201
steer,9,2.397895273
stein,18,2.995732274
stem,29,3.433987204
stench,1,1.098612289
step,131,4.890349128
stern,23,3.218875825
stew,5,1.945910149
stick,39,3.713572067
stiff,21,3.135494216
stifle,2,1.386294361
still,782,6.66440902
sting,5,1.945910149
stink,3,1.609437912
stint,6,2.079441542
stir,7,2.197224577
stitch,3,1.609437912
stock,147,5.003946306
stole,10,2.48490665
stone,58,4.094344562
stood,212,5.365976015
stool,8,2.302585093
stoop,4,1.791759469
stop,120,4.804021045
store,74,4.33073334
storm,26,3.33220451
stout,3,1.609437912
stove,15,2.833213344
strafe,2,1.386294361
straggle,2,1.386294361
straight,114,4.753590191
strain,31,3.496507561
strait,5,1.945910149
strand,7,2.197224577
strange,84,4.454347296
strap,2,1.386294361
straw,15,2.833213344
stray,12,2.63905733
streak,10,2.48490665
stream,51,3.970291914
street,244,5.505331536
strength,136,4.927253685
stress,107,4.691347882
stretch,26,3.33220451
strict,11,2.564949357
stride,16,2.890371758
strife,6,2.079441542
strike,50,3.951243719
string,19,3.044522438
strip,30,3.465735903
stripe,4,1.791759469
strive,7,2.197224577
strode,10,2.48490665
stroke,19,3.044522438
stroll,4,1.791759469
strong,202,5.318119994
strove,4,1.791759469
struck,59,4.110873864
strung,4,1.791759469
strut,3,1.609437912
stub,3,1.609437912
stubble,2,1.386294361
stuck,23,3.218875825
stud,7,2.197224577
stuff,32,3.526360525
stump,2,1.386294361
stung,2,1.386294361
stunk,1,1.098612289
stunt,1,1.098612289
style,98,4.605170186
suave,2,1.386294361
sub,5,1.945910149
such,1303,7.17395832
suck,5,1.945910149
suds,9,2.397895273
sue,18,2.995732274
suing,1,1.098612289
suit,48,3.912023005
suite,27,3.36729583
sum,45,3.850147602
sun,112,4.736198448
sung,18,2.995732274
sunk,6,2.079441542
sunt,1,1.098612289
sup,1,1.098612289
sure,264,5.583496309
surf,1,1.098612289
surge,9,2.397895273
svelte,1,1.098612289
swam,6,2.079441542
swamp,5,1.945910149
swan,3,1.609437912
swank,1,1.098612289
swap,2,1.386294361
swarm,3,1.609437912
swart,1,1.098612289
swath,1,1.098612289
sway,5,1.945910149
swayed,9,2.397895273
swaying,3,1.609437912
swear,10,2.48490665
sweat,23,3.218875825
sweep,15,2.833213344
sweet,70,4.276666119
swell,7,2.197224577
swept,34,3.583518938
swerve,2,1.386294361
swift,32,3.526360525
swig,2,1.386294361
swim,15,2.833213344
swine,3,1.609437912
swing,24,3.258096538
swipe,2,1.386294361
swirl,2,1.386294361
swiss,14,2.772588722
switch,43,3.80666249
swoop,2,1.386294361
sword,7,2.197224577
swore,14,2.772588722
sworn,5,1.945910149
swum,1,1.098612289
swung,48,3.912023005
t,32,3.526360525
tab,1,1.098612289
tack,4,1.791759469
tact,6,2.079441542
taft,1,1.098612289
tag,5,1.945910149
tail,24,3.258096538
taint,1,1.098612289
take,611,6.418364936
tale,21,3.135494216
talk,154,5.049856007
tall,55,4.043051268
tame,5,1.945910149
tamp,1,1.098612289
tan,9,2.397895273
tang,4,1.791759469
tank,12,2.63905733
tap,18,2.995732274
tape,35,3.610917913
tar,12,2.63905733
tart,7,2.197224577
task,60,4.127134385
taste,59,4.110873864
tat,1,1.098612289
tau,1,1.098612289
taught,50,3.951243719
taunt,4,1.791759469
taut,8,2.302585093
tax,197,5.293304825
tea,28,3.401197382
teach,41,3.761200116
team,83,4.442651256
tear,11,2.564949357
tease,6,2.079441542
ted,7,2.197224577
tee,5,1.945910149
teen,6,2.079441542
teens,5,1.945910149
teeth,103,4.65396035
tell,268,5.598421959
temple,38,3.688879454
tempt,2,1.386294361
ten,165,5.117993812
tend,43,3.80666249
tense,15,2.833213344
tent,20,3.091042453
tenth,7,2.197224577
ter,1,1.098612289
term,79,4.394449155
terse,2,1.386294361
test,119,4.795790546
text,60,4.127134385
than,1789,7.490529402
thank,36,3.63758616
thar,2,1.386294361
that,10595,9.268326221
thaw,6,2.079441542
the,69971,11.15586473
thee,17,2.944438979
theft,10,2.48490665
their,2670,7.890582535
theirs,21,3.135494216
them,1789,7.490529402
theme,55,4.043051268
then,1377,7.229113878
thence,6,2.079441542
there,2724,7.910590612
these,1573,7.362010551
they,3618,8.194229305
thick,67,4.234106505
thief,8,2.302585093
thigh,9,2.397895273
thimble,1,1.098612289
thin,92,4.543294782
thine,1,1.098612289
thing,333,5.814130532
think,433,6.075346031
third,190,5.257495372
thirst,4,1.791759469
this,5146,8.546363569
tho,1,1.098612289
thong,1,1.098612289
thor,9,2.397895273
thorn,3,1.609437912
thorp,2,1.386294361
thorpe,4,1.791759469
those,850,6.747586527
thou,14,2.772588722
though,442,6.095824562
thought,515,6.248042875
thrash,1,1.098612289
thread,15,2.833213344
threat,42,3.784189634
three,610,6.416732283
threw,46,3.871201011
thrice,1,1.098612289
thrift,5,1.945910149
thrill,5,1.945910149
thrive,1,1.098612289
throat,51,3.970291914
throne,5,1.945910149
throng,3,1.609437912
through,969,6.878326468
throw,42,3.784189634
thrown,40,3.737669618
thrush,2,1.386294361
thrust,22,3.17805383
thud,3,1.609437912
thug,1,1.098612289
thule,1,1.098612289
thumb,10,2.48490665
thump,3,1.609437912
thus,312,5.749392986
thwack,1,1.098612289
thwart,3,1.609437912
thy,12,2.63905733
tick,3,1.609437912
tide,11,2.564949357
tie,23,3.218875825
tift,1,1.098612289
tight,28,3.401197382
tile,16,2.890371758
till,50,3.951243719
tilt,5,1.945910149
tilth,1,1.098612289
timbre,2,1.386294361
time,1599,7.378383713
tin,12,2.63905733
tint,1,1.098612289
tip,22,3.17805383
tipple,1,1.098612289
tis,2,1.386294361
title,77,4.369447852
titre,2,1.386294361
to,26149,10.17164271
toad,4,1.791759469
toast,19,3.044522438
toch,1,1.098612289
toe,9,2.397895273
toil,1,1.098612289
told,413,6.02827852
toll,16,2.890371758
tom,63,4.17438727
tomb,11,2.564949357
ton,13,2.708050201
tone,78,4.382026635
tong,1,1.098612289
tongs,1,1.098612289
tongue,35,3.610917913
too,832,6.726233402
took,426,6.059123196
tool,40,3.737669618
toot,3,1.609437912
tooth,20,3.091042453
top,204,5.327876169
torch,2,1.386294361
tore,15,2.833213344
torn,25,3.295836866
torque,5,1.945910149
toss,9,2.397895273
tote,1,1.098612289
touch,87,4.48863637
tough,36,3.63758616
tour,43,3.80666249
tout,1,1.098612289
tow,1,1.098612289
town,212,5.365976015
toy,4,1.791759469
toying,1,1.098612289
trace,23,3.218875825
track,38,3.688879454
tract,17,2.944438979
trade,143,4.976733742
trail,31,3.496507561
train,82,4.430816799
trait,3,1.609437912
tramp,1,1.098612289
trample,3,1.609437912
trance,4,1.791759469
trap,20,3.091042453
traps,8,2.302585093
trash,2,1.386294361
tray,18,2.995732274
tread,5,1.945910149
treat,26,3.33220451
treble,2,1.386294361
tree,59,4.110873864
trek,2,1.386294361
tremble,10,2.48490665
trench,2,1.386294361
trend,46,3.871201011
trial,134,4.912654886
tribe,4,1.791759469
trick,15,2.833213344
tried,170,5.147494477
trig,10,2.48490665
trill,3,1.609437912
trim,20,3.091042453
trip,81,4.418840608
tripe,1,1.098612289
triple,5,1.945910149
trite,2,1.386294361
troop,16,2.890371758
trot,12,2.63905733
trough,3,1.609437912
troupe,3,1.609437912
trout,4,1.791759469
troy,3,1.609437912
truant,1,1.098612289
truce,5,1.945910149
truck,57,4.077537444
true,231,5.451038454
trump,1,1.098612289
trunk,8,2.302585093
trust,52,3.988984047
truth,126,4.852030264
try,140,4.955827058
trying,163,5.105945474
tsar,1,1.098612289
tub,13,2.708050201
tube,31,3.496507561
tuck,2,1.386294361
tug,3,1.609437912
tulle,1,1.098612289
tune,10,2.48490665
turf,3,1.609437912
turk,5,1.945910149
turn,233,5.459585514
twain,1,1.098612289
tweed,5,1.945910149
twelfth,5,1.945910149
twelve,48,3.912023005
twice,74,4.33073334
twin,7,2.197224577
twinge,3,1.609437912
twist,18,2.995732274
twitch,3,1.609437912
two,1412,7.254177846
tying,5,1.945910149
type,200,5.308267697
u,91,4.532599493
ugh,1,1.098612289
um,5,1.945910149
un,2,1.386294361
uncle,57,4.077537444
up,1895,7.54802897
urge,21,3.135494216
urn,2,1.386294361
us,672,6.513230111
use,589,6.381816017
used,612,6.419994928
v,31,3.496507561
vade,2,1.386294361
vague,25,3.295836866
vail,3,1.609437912
vain,10,2.48490665
vale,4,1.791759469
valve,3,1.609437912
vamp,1,1.098612289
van,32,3.526360525
vase,4,1.791759469
vast,61,4.143134726
vault,2,1.386294361
veal,1,1.098612289
veer,2,1.386294361
veil,8,2.302585093
vein,25,3.295836866
veldt,1,1.098612289
vent,10,2.48490665
verb,4,1.791759469
verge,2,1.386294361
verse,28,3.401197382
versed,2,1.386294361
verve,4,1.791759469
vest,4,1.791759469
vet,1,1.098612289
vex,1,1.098612289
via,48,3.912023005
vic,4,1.791759469
vice,41,3.761200116
view,186,5.236441963
vile,5,1.945910149
vine,4,1.791759469
vive,1,1.098612289
viz,1,1.098612289
vogue,6,2.079441542
voice,226,5.429345629
void,10,2.48490665
vol,2,1.386294361
vote,75,4.343805422
vow,2,1.386294361
voyage,17,2.944438979
wade,2,1.386294361
wage,56,4.060443011
wail,3,1.609437912
waist,11,2.564949357
wait,94,4.564348191
waive,1,1.098612289
wake,23,3.218875825
walk,100,4.624972813
wall,160,5.087596335
walt,5,1.945910149
waltz,1,1.098612289
wan,2,1.386294361
wand,1,1.098612289
want,329,5.802118375
war,464,6.144185634
ward,25,3.295836866
ware,1,1.098612289
warm,67,4.234106505
warmth,28,3.401197382
warn,11,2.564949357
warp,4,1.791759469
wart,11,2.564949357
was,9816,9.191972715
wash,37,3.663561646
wasp,2,1.386294361
waste,35,3.610917913
watch,81,4.418840608
watt,2,1.386294361
wave,46,3.871201011
wax,14,2.772588722
way,909,6.814542897
we,2653,7.884199934
we're,61,4.143134726
weak,32,3.526360525
wealth,22,3.17805383
wear,36,3.63758616
weave,4,1.791759469
web,6,2.079441542
wed,2,1.386294361
wedge,4,1.791759469
wee,5,1.945910149
weed,1,1.098612289
week,275,5.624017506
weep,14,2.772588722
weigh,4,1.791759469
weight,91,4.532599493
weir,2,1.386294361
weird,10,2.48490665
weld,4,1.791759469
well,897,6.801283034
welsh,4,1.791759469
went,507,6.232448017
wept,9,2.397895273
were,3284,8.097426299
weren't,22,3.17805383
wert,2,1.386294361
west,235,5.468060141
wet,53,4.007333185
whack,1,1.098612289
wharf,4,1.791759469
what,1908,7.554858521
wheat,9,2.397895273
wheel,56,4.060443011
when,2331,7.754910272
whence,3,1.609437912
where,938,6.845879875
which,3562,8.178638789
whiff,1,1.098612289
whig,6,2.079441542
while,680,6.525029658
whim,2,1.386294361
whine,4,1.791759469
whip,19,3.044522438
whir,3,1.609437912
whirl,3,1.609437912
whit,1,1.098612289
white,365,5.905361848
whiz,2,1.386294361
who,2252,7.720461695
whoa,1,1.098612289
whole,309,5.739792912
whom,146,4.997212274
whoop,1,1.098612289
whoosh,1,1.098612289
whore,2,1.386294361
whose,252,5.537334267
why,404,6.00635316
wick,4,1.791759469
wide,125,4.844187086
width,14,2.772588722
wield,1,1.098612289
wife,228,5.438079309
wig,1,1.098612289
wiggle,1,1.098612289
wild,56,4.060443011
will,2244,7.716906135
wilt,3,1.609437912
win,55,4.043051268
wind,63,4.17438727
wine,72,4.304065093
wing,18,2.995732274
wink,7,2.197224577
wipe,10,2.48490665
wire,42,3.784189634
wis,1,1.098612289
wise,36,3.63758616
wish,110,4.718498871
wisp,2,1.386294361
wit,20,3.091042453
witch,5,1.945910149
with,7289,8.89439599
wobble,3,1.609437912
woe,5,1.945910149
woke,14,2.772588722
wold,1,1.098612289
wolf,6,2.079441542
womb,1,1.098612289
won,68,4.248495242
won't,105,4.672828834
wont,2,1.386294361
woo,3,1.609437912
wood,55,4.043051268
wool,10,2.48490665
wop,1,1.098612289
word,274,5.620400866
wore,65,4.204692619
work,760,6.635946556
world,787,6.670766321
worm,4,1.791759469
worn,23,3.218875825
worse,50,3.951243719
worst,34,3.583518938
worth,94,4.564348191
would,2714,7.906915489
wound,28,3.401197382
wounds,8,2.302585093
wove,3,1.609437912
wow,1,1.098612289
wrack,1,1.098612289
wrap,5,1.945910149
wrath,9,2.397895273
wreak,1,1.098612289
wreath,8,2.302585093
wreck,8,2.302585093
wrest,1,1.098612289
wrestle,2,1.386294361
wretch,1,1.098612289
wright,46,3.871201011
wring,2,1.386294361
wrist,10,2.48490665
writ,7,2.197224577
write,106,4.682131227
writhe,2,1.386294361
wrong,129,4.875197323
wrote,181,5.209486153
wrought,3,1.609437912
wry,5,1.945910149
x,1,1.098612289
y,11,2.564949357
yacht,4,1.791759469
yale,13,2.708050201
yank,7,2.197224577
yard,35,3.610917913
yarn,14,2.772588722
yawl,1,1.098612289
yawn,2,1.386294361
yaws,1,1.098612289
ye,11,2.564949357
yea,3,1.609437912
year,660,6.495265556
yearn,1,1.098612289
yeast,3,1.609437912
yell,9,2.397895273
yelp,2,1.386294361
yen,3,1.609437912
yes,144,4.983606622
yet,419,6.042632834
yield,35,3.610917913
yoke,3,1.609437912
yolk,1,1.098612289
yon,1,1.098612289
yore,2,1.386294361
york,301,5.713732806
you,3286,8.098034756
young,385,5.958424693
your,923,6.829793738
yours,25,3.295836866
youth,82,4.430816799
yow,5,1.945910149
zeal,8,2.302585093
zeme,1,1.098612289
zest,5,1.945910149
zinc,10,2.48490665
zion,6,2.079441542
zip,1,1.098612289
zone,11,2.564949357
zoo,9,2.397895273
zounds,2,1.386294361